Play_ID,name,wave,hp_end_wave,stamina_end_wave,skill1_freq,skill2_freq,skill3_freq,skill4_freq,time_per_wave_sec,spawned_enemies,enemies_left
0001,uzimp,1,95,100,1,2,1,1,9.11,6,0
0001,uzimp,2,95,73.13499999999968,0,8,0,0,15.82,7,0
0001,uzimp,3,75,100,0,7,0,0,15.22,8,0
0001,uzimp,4,45,100,3,4,2,1,12.09,9,0
0001,uzimp,5,25,96.1899999999995,3,5,2,1,13.85,10,0
0001,uzimp,6,0,85.26999999999973,0,2,0,0,3.79,11,11
0001,uzimp,1,80,97.9449999999995,0,0,1,1,5.66,6,0
0001,uzimp,2,0,95.96499999999921,2,2,1,2,33.53,7,3
0002,u,1,95,100,1,1,1,3,13.57,6,0
